{"Critic Loss":8.744015580391883,"_timestamp":1.7354278697279181e+09,"Average Episodic N-Reward":-0.0014769209174089644,"_wandb":{"runtime":537},"_runtime":521.764819319,"_step":7,"Min Loss":-1.9335424986171366e+24,"QL Loss":-0.9701632449388504,"Average Episodic Reward":-5.151050013027361}