{"_wandb":{"runtime":22762},"Eval":4988.798148257886,"Norm Eval":1.086370412723728,"Class Acc":0.44140625,"_timestamp":1.7383218071947312e+09,"_runtime":22762.97077775,"_step":199}