{"_wandb":{"runtime":3844},"_runtime":3826.425958977,"_step":25,"Eval":4982.546699421934,"Norm Eval":1.0850086403713102,"Class Acc":0.548828125,"_timestamp":1.7370787888130345e+09}