{"BC Loss 2":389.6014267464634,"_step":1,"Min Loss":NaN,"Average Episodic Reward":8.13211858513721,"Average Episodic N-Reward":0.0014165926062812931,"_runtime":153.976304656,"BC Loss":NaN,"_timestamp":1.7354876016232283e+09,"Actor Loss":-1.9566769668698312,"_wandb":{"runtime":153},"QL Loss":-0.9999877735197544,"Critic Loss":16.767679577755928}