{"BC Loss":0.03391629808571189,"QL Loss":-1.000004275497198,"_runtime":774.321540547,"_wandb":{"runtime":774},"Critic Loss":33.010483357963565,"_step":3,"_timestamp":1.7344858990055015e+09,"BC Loss 2":0.851111864259243,"Average Episodic N-Reward":0.03732115666503157,"Average Episodic Reward":172.95815929004792,"Actor Loss":-0.9660879779684544,"Min Loss":0.03391629808571189}