{"QL Loss":-1.0000098982691765,"_runtime":140.460325032,"Min Loss":-0.6015696142125875,"_timestamp":1.7354178168246157e+09,"Critic Loss":11.460373669757322,"Average Episodic N-Reward":0.028975670502931414,"_wandb":{"runtime":167},"Average Episodic Reward":134.6467780515573,"_step":1}