{"Actor Loss":-0.9053316608285904,"_runtime":829.806546871,"QL Loss":-0.9999409988892078,"Average Episodic N-Reward":1.1010238472751332,"Min Loss":NaN,"BC Loss":0.09460933811075986,"Critic Loss":50.028927908554074,"_wandb":{"runtime":844},"Average Episodic Reward":5056.067245186193,"_timestamp":1.734728588070817e+09,"BC Loss 2":646.5876190033741,"_step":3}