{"_timestamp":1.7354205057980807e+09,"Critic Loss":27.686146348667144,"_wandb":{"runtime":1065},"Min Loss":-0.657727672111988,"Average Episodic Reward":1462.3920944956387,"QL Loss":-1.0000263141572476,"_runtime":974.086335026,"_step":13,"Average Episodic N-Reward":0.31820252181898}