{"_timestamp":1.7354349395162222e+09,"Average Episodic N-Reward":2.902965045384831e-05,"Min Loss":0.0039062499680556357,"Average Episodic Reward":1.762273574246381,"_runtime":2471.842894696,"_step":37,"Critic Loss":63.046877392578125,"_wandb":{"runtime":2502},"QL Loss":-0.9520688506126403}