{"Critic Loss":199.30885856933594,"QL Loss":-0.9931891872286797,"Min Loss":-0.5792013101130724,"Average Episodic Reward":-20.266472765028592,"Average Episodic N-Reward":-0.00476956000619192,"_runtime":1980.258102203,"_timestamp":1.7354151893185842e+09,"_step":29,"_wandb":{"runtime":2015}}