{"Critic Loss":19.757062111234664,"BC Loss":NaN,"QL Loss":NaN,"_step":3,"BC Loss 2":0,"Average Episodic Reward":268.4420898949014,"Average Episodic N-Reward":0.0581207153289502,"_wandb":{"runtime":135},"_runtime":114.735254528,"Min Loss":NaN,"Actor Loss":NaN,"_timestamp":1.735694023214978e+09}