{"_step":199,"Eval":5027.3017269774555,"Norm Eval":1.094757765855039,"_wandb":{"runtime":22403},"Class Acc":0.701171875,"_timestamp":1.7368912521081543e+09,"_runtime":22403.602983889}