{"Class Acc":0.419921875,"_timestamp":1.738417703629497e+09,"_wandb":{"runtime":212},"_runtime":128.772093473,"_step":0,"Eval":392.54095335454434,"Norm Eval":0.0851535529415575}