{"_runtime":752.763871643,"Average Episodic Reward":5053.830371128381,"Critic Loss":2.8711043719255924,"Average Episodic N-Reward":1.1005365821102564,"Actor Loss":-0.9727152474725247,"BC Loss 2":NaN,"_wandb":{"runtime":752},"_step":3,"QL Loss":-1.0000024256491662,"_timestamp":1.7344734305362113e+09,"Min Loss":NaN,"BC Loss":0.027287178841214628}