{"Average Episodic N-Reward":-0.003553504159089673,"_wandb":{"runtime":509},"QL Loss":-0.9999394748294353,"BC Loss 2":20146.75308227539,"BC Loss":0.18294787463411688,"Critic Loss":35.35361119090885,"Actor Loss":-0.8169917548745871,"_runtime":307.315076464,"_step":1,"Average Episodic Reward":-14.683960463084318,"_timestamp":1.7346510334700673e+09,"Min Loss":0.18294771993368864}