{"_runtime":722.249424893,"QL Loss":-0.9999770622730255,"_timestamp":1.7344705496068003e+09,"_wandb":{"runtime":722},"_step":100000,"BC Loss":0.033720151549130675,"BC Loss 2":NaN,"Critic Loss":29.67134655883789,"Actor Loss":-0.9662569112062455,"Min Loss":NaN}