{"QL Loss":-0.999932683646679,"_runtime":138.13925152,"Average Episodic N-Reward":0.01352650224114856,"Critic Loss":62.4897177741427,"_step":1,"Min Loss":-0.5728010398177895,"_wandb":{"runtime":150},"_timestamp":1.735417112027854e+09,"Average Episodic Reward":63.724729461663685}