{"BC Loss 2":1183.2240622460376,"Critic Loss":35.17629236855507,"Average Episodic N-Reward":0.11309716720413107,"Actor Loss":NaN,"Min Loss":NaN,"QL Loss":NaN,"Average Episodic Reward":347.8106031565193,"_timestamp":1.7360425449236112e+09,"_runtime":265.758529941,"_wandb":{"runtime":286},"BC Loss":0.08689627870284021,"_step":3}