{"_timestamp":1.7354240713676393e+09,"Min Loss":-2.0015105536171466e+24,"Critic Loss":4.8457399092435836,"QL Loss":-0.9776127333760262,"Average Episodic N-Reward":-0.0015339204621634766,"_runtime":1162.249317594,"_step":17,"Average Episodic Reward":-5.412716169689106,"_wandb":{"runtime":1183}}