{"_runtime":5468.545553738,"_step":36,"_wandb":{"runtime":5548},"Eval":5056.350652753854,"Norm Eval":1.1010855828184025,"Class Acc":0.546875,"_timestamp":1.737084312656568e+09}