{"_step":1,"QL Loss":-0.9999545463740825,"Critic Loss":11.421383378328755,"Average Episodic Reward":106.2081378807782,"_wandb":{"runtime":232},"Average Episodic N-Reward":0.02278079393252632,"_timestamp":1.735417276531834e+09,"_runtime":140.069304712,"Min Loss":-0.6021828331498895}