{"Min Loss":NaN,"_wandb":{"runtime":1646},"BC Loss 2":320.9934732411057,"Critic Loss":26.555673247027396,"BC Loss":0.026380254242848605,"Actor Loss":NaN,"QL Loss":NaN,"_step":31,"Average Episodic Reward":-4.627954789518863,"_timestamp":1.7355251763017051e+09,"Average Episodic N-Reward":-0.001362973473904501,"_runtime":1591.706622288}