{"Norm Eval":1.0983288839634382,"Class Acc":0.5,"_timestamp":1.736216122571379e+09,"_runtime":2254.040292359,"_step":17,"_wandb":{"runtime":2271},"Eval":5043.69555528669}