{"Actor Loss":NaN,"_wandb":{"runtime":679},"_runtime":658.937526497,"_step":15,"QL Loss":NaN,"Average Episodic Reward":27.57915862482783,"Critic Loss":1558.5301279846192,"_timestamp":1.7356019158161664e+09,"BC Loss 2":349.1335090138018,"Average Episodic N-Reward":0.005652801228850911,"Min Loss":NaN,"BC Loss":0.03437921641208232}