{"Actor Loss":NaN,"_wandb":{"runtime":89},"Critic Loss":6.58647211226523,"BC Loss 2":0,"QL Loss":NaN,"Average Episodic N-Reward":0.011875962171864544,"BC Loss":NaN,"Min Loss":NaN,"_timestamp":1.735694384806117e+09,"_runtime":58.079635383,"_step":1,"Average Episodic Reward":56.147643044467884}