{"_step":3,"_timestamp":1.7354366359993153e+09,"Critic Loss":21.102403401851653,"Average Episodic N-Reward":-0.002231017373093925,"_runtime":266.650394425,"QL Loss":-1.0001826230466366,"Min Loss":0.003906249976530671,"Average Episodic Reward":-8.612858737310324,"_wandb":{"runtime":290}}