{"Critic Loss":23.299410781860352,"Average Episodic Reward":737.7272198236158,"BC Loss 2":0,"Actor Loss":NaN,"Average Episodic N-Reward":0.23290296044709188,"BC Loss":NaN,"QL Loss":NaN,"_runtime":464.711027604,"_timestamp":1.736002385426646e+09,"_wandb":{"runtime":514},"Min Loss":NaN,"_step":9}