{"_wandb":{"runtime":3778},"Class Acc":0.53125,"_timestamp":1.7370748190501952e+09,"_runtime":3743.915152714,"_step":25,"Eval":4931.844783840384,"Norm Eval":1.07396408595434}