{"Average Episodic Reward":-8.056039892963472,"Actor Loss":NaN,"Average Episodic N-Reward":-0.0021097238094041726,"QL Loss":-0.8125320646360517,"_runtime":1139.874901171,"Critic Loss":3.073082036772864e+11,"_wandb":{"runtime":1212},"_step":15,"Min Loss":67.40538490905762,"_timestamp":1.7354465959259043e+09}