{"Average Episodic Reward":199.64495715201616,"Min Loss":-0.6478397862136364,"Average Episodic N-Reward":0.04313442403018895,"_runtime":667.810955401,"_timestamp":1.7354291278407857e+09,"QL Loss":-0.9999999860942363,"_wandb":{"runtime":752},"_step":9,"Critic Loss":83.65257566623687}