{"_runtime":10795.81356388,"_wandb":{"runtime":10836},"_step":90,"Eval":5013.9624140926,"Norm Eval":1.0918520222484722,"Class Acc":0.484375,"_timestamp":1.736294749448843e+09}