{"Norm Eval":1.0921237638493737,"Class Acc":0.64453125,"_wandb":{"runtime":21696},"_timestamp":1.7386610903061366e+09,"_runtime":21696.546100141,"_step":199,"Eval":5015.209890377178}