{"Norm Eval":1.0948195544363568,"Eval 2":4913.174187207835,"Norm Eval 2":1.0698970123903477,"_timestamp":1.737726811843212e+09,"_runtime":31204.497984754,"_step":199,"_wandb":{"runtime":31204},"Eval":5027.585378025348}