{"Average Episodic Reward":26.381745697469444,"QL Loss":NaN,"_timestamp":1.736002666268591e+09,"BC Loss 2":0,"Min Loss":NaN,"BC Loss":NaN,"Critic Loss":23.482641834259034,"Actor Loss":NaN,"Average Episodic N-Reward":0.014334925245260281,"_step":1,"_wandb":{"runtime":138},"_runtime":116.638607265}