{"QL Loss":-0.9999798086762428,"BC Loss 2":0,"Average Episodic N-Reward":1.1251835948452638,"Actor Loss":-0.9545652504062653,"_step":5,"BC Loss":0.04541455756250769,"Min Loss":0.045414558198302986,"Average Episodic Reward":5166.976697530433,"_timestamp":1.7346506349511907e+09,"_wandb":{"runtime":1018},"Critic Loss":35.89143540924072,"_runtime":1014.936349143}