{"BC Loss":1.0013240350246428,"BC Loss 2":1708.8112055491656,"Min Loss":NaN,"QL Loss":-1.0000104736077786,"_timestamp":1.7346579035137982e+09,"_step":3,"Average Episodic Reward":4202.009519921217,"Actor Loss":-0.9658342495787143,"Average Episodic N-Reward":0.9149818227533778,"_runtime":770.955761071,"_wandb":{"runtime":777},"Critic Loss":30.161484093046187}