Trained Epochs,BC Loss,QL Loss,Actor Loss,Critic Loss
50,0.03671821117863059,-1.000018231370449,-0.9633000208830833,2.514023854756802
4519.710920604568,0.9841876972839197
100,0.027287178841214628,-1.0000024256491662,-0.9727152474725247,2.8711043719255924
5053.830371128381,1.1005365821102564
