{"_step":199,"_wandb":{"runtime":29389},"Eval":5031.957667455716,"Norm Eval":1.0957719837082402,"Class Acc":0.484375,"_timestamp":1.737117506071445e+09,"_runtime":29389.574692824}