{"_step":199,"_wandb":{"runtime":23321},"Eval":4514.407053933237,"Norm Eval":0.9830323396726743,"Class Acc":0.673828125,"_timestamp":1.7381143282065551e+09,"_runtime":23321.678111559}