{"Average Episodic Reward":940.3584697060633,"Actor Loss":NaN,"_timestamp":1.7361127717445621e+09,"QL Loss":NaN,"BC Loss":0.060295466555655,"_runtime":861.203611065,"Min Loss":NaN,"Average Episodic N-Reward":0.29516344535662825,"BC Loss 2":870.6364403609186,"Critic Loss":55.63990445721149,"_wandb":{"runtime":883},"_step":11}