{"_wandb":{"runtime":4522},"QL Loss":-0.9999825733125209,"Average Episodic N-Reward":-0.0010159859461997382,"Actor Loss":NaN,"Average Episodic Reward":-3.0350492114988112,"_timestamp":1.735403061274092e+09,"Critic Loss":19.913639820337295,"Min Loss":-2.868994665789604,"_runtime":4491.158696417,"_step":67}