{"Eval":5045.223331204792,"Norm Eval":1.0986616840967443,"Class Acc":0.5546875,"_wandb":{"runtime":12838},"_timestamp":1.7370706700028777e+09,"_runtime":12723.654620891,"_step":87}