{"Min Loss":NaN,"BC Loss":0.024134093589708208,"BC Loss 2":287.58599452953786,"Average Episodic Reward":289.60008225186704,"Actor Loss":NaN,"Average Episodic N-Reward":0.06272962596398304,"Critic Loss":7.431146501123905,"_timestamp":1.735600526262887e+09,"QL Loss":NaN,"_runtime":7481.530897649,"_wandb":{"runtime":7528},"_step":179}