{"Min Loss":NaN,"Actor Loss":NaN,"Critic Loss":2.72784934515357,"_timestamp":1.7360262089910054e+09,"QL Loss":NaN,"Average Episodic Reward":1140.9780698742845,"_runtime":889.347469839,"_step":19,"Average Episodic N-Reward":0.35680583070477656,"BC Loss 2":512.130396714434,"_wandb":{"runtime":895},"BC Loss":0.05052380968220532}