{"Critic Loss":542.2196548181273,"_runtime":389.985088219,"Average Episodic N-Reward":-0.000131307305297968,"_wandb":{"runtime":395},"BC Loss":0.04766903433278203,"QL Loss":-0.9999883429038524,"_timestamp":1.734810762603145e+09,"_step":1,"Actor Loss":-0.9523193085241318,"Average Episodic Reward":1.0262193625309304}