{"_runtime":9179.378078457,"_timestamp":1.7344997753302202e+09,"BC Loss":0.02720275585025549,"Critic Loss":17.076589726200105,"Average Episodic N-Reward":0.5227026913602212,"_wandb":{"runtime":9179},"_step":45,"Average Episodic Reward":2401.1850906676964,"BC Loss 2":0.8510993013262749,"Min Loss":0.02720275585025549,"QL Loss":-0.9998795405805111,"Actor Loss":-0.9726767853283882}