{"Min Loss":-9.15252024898529,"Actor Loss":NaN,"Average Episodic Reward":5069.670133071819,"_timestamp":1.7355099766362557e+09,"Critic Loss":16.611671322250366,"Average Episodic N-Reward":1.1039870062358454,"_wandb":{"runtime":71976},"QL Loss":-0.9998973641812802,"_runtime":71975.38598618,"_step":799}