{"Eval":5019.304330448742,"Norm Eval":1.093015668339741,"Class Acc":0.685546875,"_timestamp":1.738471113729232e+09,"_runtime":8877.761313573,"_wandb":{"runtime":8881},"_step":76}