{"BC Loss 2":329.187362998724,"QL Loss":NaN,"Average Episodic N-Reward":0.0017236302036128354,"_wandb":{"runtime":1327},"Average Episodic Reward":9.541627176660498,"_timestamp":1.735523450248383e+09,"BC Loss":0.026864340879488736,"_step":25,"Actor Loss":NaN,"Critic Loss":24.92803467102051,"_runtime":1235.551366887,"Min Loss":NaN}