{"_runtime":142.084640209,"_step":1,"Min Loss":NaN,"Average Episodic N-Reward":0.10190717836825394,"BC Loss 2":1145.0325692482293,"Critic Loss":3.249910621328838,"_wandb":{"runtime":151},"Average Episodic Reward":311.3919753980144,"QL Loss":NaN,"BC Loss":0.10999255776777864,"Actor Loss":NaN,"_timestamp":1.7360429851831849e+09}