{"Class Acc":0.7500095703125,"_wandb":{"runtime":684},"_timestamp":1.7387764451735783e+09,"_runtime":606.649821586,"_step":5,"Eval":1378.7620227854234,"Norm Eval":0.42986733637353414}