{"Min Loss":0.04820840877249837,"_step":1,"QL Loss":-0.9999709964692592,"_wandb":{"runtime":499},"_runtime":419.847692916,"Actor Loss":-0.951762587647438,"BC Loss":0.04820840877249837,"Average Episodic N-Reward":0.9221307427386011,"_timestamp":1.734627747359128e+09,"BC Loss 2":10280,"Average Episodic Reward":4234.827859521511,"Critic Loss":22.56811024470657}