{"_timestamp":1.736283831198106e+09,"_runtime":108.425525025,"_step":0,"_wandb":{"runtime":141},"Eval":-33.26267640976681,"Norm Eval":-0.007600563070316151,"Class Acc":0.5}