{"BC Loss":1.0012736018240451,"Average Episodic Reward":-9.576219354566733,"Min Loss":NaN,"Actor Loss":0.01643102692246437,"BC Loss 2":50231.41246533394,"_step":1,"Critic Loss":73.962595307208,"Average Episodic N-Reward":-0.0024408691831964624,"_wandb":{"runtime":546},"QL Loss":-0.9881972223842144,"_timestamp":1.7346556346422637e+09,"_runtime":371.200660428}