{"_wandb":{"runtime":53411},"Average Episodic Reward":5056.704904544615,"Critic Loss":15.00985642402172,"Actor Loss":NaN,"QL Loss":-0.999976735317707,"Average Episodic N-Reward":1.1011627505769672,"Min Loss":-2.9140777923345564,"_runtime":53389.242068308,"_timestamp":1.735397756041975e+09,"_step":689}