{"Actor Loss":-1.4685300433397293,"_runtime":1770.34330499,"Min Loss":NaN,"_wandb":{"runtime":1791},"Critic Loss":27.56247271165848,"_timestamp":1.7348988249625046e+09,"Average Episodic Reward":5066.97112562282,"BC Loss 2":568.3978983275592,"Average Episodic N-Reward":1.103399073131142,"_step":29,"QL Loss":-0.9999675761938095,"BC Loss":NaN}