{"Class Acc":0.64453125,"_timestamp":1.7370440097404485e+09,"_runtime":10038.547905949,"_wandb":{"runtime":10102},"_step":71,"Eval":4985.099158561709,"Norm Eval":1.085564650406493}