{"Min Loss":0.0486962278323248,"Average Episodic Reward":233.27015195440882,"_step":1,"BC Loss":0.04870746016073972,"Average Episodic N-Reward":0.050459103768943935,"_wandb":{"runtime":389},"Actor Loss":-0.9512707695746422,"Critic Loss":22.359696915908753,"QL Loss":-0.9999669963514805,"_timestamp":1.7344849242565365e+09,"BC Loss 2":0.7274142570352554,"_runtime":389.279891425}