{"BC Loss":NaN,"_runtime":2036.256508632,"Average Episodic Reward":4727.900653736511,"_step":33,"BC Loss 2":497.51499186083674,"_wandb":{"runtime":2058},"Min Loss":NaN,"QL Loss":-0.9999499233484268,"Average Episodic N-Reward":1.0295383080104885,"_timestamp":1.7349015099778433e+09,"Actor Loss":-1.9685010903716087,"Critic Loss":20.379693046474458}