{"_step":1,"BC Loss":NaN,"Average Episodic Reward":242.21819303010815,"_runtime":120.740907061,"Critic Loss":10.462165087878704,"Average Episodic N-Reward":0.0524082831135959,"_timestamp":1.734893035275661e+09,"Actor Loss":-1.9128347897827624,"BC Loss 2":1247.6109361723065,"Min Loss":NaN,"QL Loss":-1.0000186277151109,"_wandb":{"runtime":120}}