{"Average Episodic Reward":166.320744788061,"Average Episodic N-Reward":0.035875308222929385,"Critic Loss":47.45709508876801,"_runtime":273.40900555,"_step":3,"QL Loss":-1.0000061921417713,"_timestamp":1.735417652889215e+09,"_wandb":{"runtime":284},"Min Loss":-0.6322958932638169}