{"Actor Loss":NaN,"BC Loss":NaN,"Critic Loss":504.3890401145935,"_wandb":{"runtime":29696},"Min Loss":NaN,"_timestamp":1.735725754672813e+09,"_step":799,"BC Loss 2":0,"Average Episodic N-Reward":1.0836480748912112,"QL Loss":NaN,"_runtime":29695.891273782,"Average Episodic Reward":4976.3007909397265}