{"_runtime":1859.233510575,"Average Episodic N-Reward":0.09584092138718375,"Critic Loss":212.70323798980712,"_step":27,"Actor Loss":NaN,"QL Loss":-0.9999810628712177,"Average Episodic Reward":441.60314565869686,"_timestamp":1.7353433015297675e+09,"Min Loss":-3.0843852003097534,"_wandb":{"runtime":1916}}