{"Actor Loss":NaN,"Critic Loss":2.271407558250427,"_step":23,"BC Loss 2":501.95562030002475,"_runtime":1034.966193242,"Min Loss":NaN,"BC Loss":0.048018633863143624,"_wandb":{"runtime":1056},"QL Loss":NaN,"Average Episodic Reward":872.3858679485813,"Average Episodic N-Reward":0.27427818136877474,"_timestamp":1.736024370485476e+09}