{"Average Episodic N-Reward":0.0649177004103551,"_wandb":{"runtime":122},"BC Loss":NaN,"Critic Loss":8.375433778464794,"_timestamp":1.7348966997294264e+09,"Average Episodic Reward":299.6448121411637,"_runtime":122.954074215,"Min Loss":NaN,"BC Loss 2":1106.425531681627,"_step":1,"QL Loss":-0.9999138550817966,"Actor Loss":-1.4207968305647374}