{"_step":63,"Eval":4112.627316926515,"Norm Eval":0.8955114222061669,"Class Acc":0.7109375,"_timestamp":1.738639275582786e+09,"_runtime":6139.558879462,"_wandb":{"runtime":6206}}