{"Actor Loss":-17.80673867630005,"BC Loss 2":117061,"_wandb":{"runtime":421},"_runtime":413.355810078,"_timestamp":1.7346419307402442e+09,"Average Episodic N-Reward":0.5805035596441012,"Critic Loss":26.945039189270435,"Min Loss":-16.806760475387573,"Average Episodic Reward":2666.529860010917,"BC Loss":0.04992309537466615,"_step":1,"QL Loss":-0.9999782015931606}