{"_runtime":3551.729902007,"_step":23,"Eval":5034.498369868707,"_wandb":{"runtime":3637},"Norm Eval":1.096325432739421,"Class Acc":0.53515625,"_timestamp":1.7370880262366047e+09}