{"Average Episodic N-Reward":1.0606229057481438,"_wandb":{"runtime":429},"QL Loss":-0.9999703573465347,"BC Loss":0.04819657833699137,"Average Episodic Reward":4870.599814868754,"Actor Loss":-0.9517738036382198,"_step":1,"Min Loss":0.04819655363898724,"BC Loss 2":10289,"Critic Loss":22.92265917086929,"_runtime":426.29413616,"_timestamp":1.7346447261204329e+09}