{"Average Episodic N-Reward":0.2681322414677588,"Actor Loss":-0.9424160745179653,"_step":1,"QL Loss":-0.9999724823105335,"_runtime":384.636536888,"BC Loss":0.05755640773206949,"Average Episodic Reward":1232.5359109259803,"_timestamp":1.7347441441193628e+09,"_wandb":{"runtime":485},"Critic Loss":26.55223358787194}