{"_runtime":1161.816054871,"Average Episodic N-Reward":1.0110135543782839,"_wandb":{"runtime":1254},"BC Loss":NaN,"_timestamp":1.7349052990003002e+09,"_step":19,"Average Episodic Reward":4642.859604603203,"Critic Loss":22.412520095062256,"BC Loss 2":415.85401135496795,"Actor Loss":-1.9664562559008598,"Min Loss":NaN,"QL Loss":-0.9999957064747811}