{"BC Loss":0.044821526488289236,"Critic Loss":23.519808021297454,"_wandb":{"runtime":1451},"QL Loss":NaN,"_step":7,"BC Loss 2":2415.643339643255,"_timestamp":1.7359162834932797e+09,"Average Episodic Reward":45.53019155814998,"_runtime":1277.823357614,"Min Loss":NaN,"Actor Loss":NaN,"Average Episodic N-Reward":0.0202184773885827}