{"_runtime":342.207696643,"QL Loss":-0.9999571250247955,"_step":1,"BC Loss":NaN,"Min Loss":NaN,"Critic Loss":26.98258437859148,"_timestamp":1.734888486339278e+09,"_wandb":{"runtime":348},"Average Episodic N-Reward":1.0341722727158205,"Average Episodic Reward":4749.17366108723,"Actor Loss":-0.952441799249649,"BC Loss 2":2379.905234085396}