{"QL Loss":-0.9999778658568859,"_wandb":{"runtime":3027},"_step":43,"Average Episodic N-Reward":-0.0020810977057504035,"Critic Loss":22.19781567850113,"_timestamp":1.7360071063594148e+09,"Average Episodic Reward":-7.924626869306129,"_runtime":2971.661228034,"Min Loss":0.02916152389422059,"Actor Loss":NaN}