{"Critic Loss":32.81161807146072,"_runtime":305.256761792,"_wandb":{"runtime":389},"Min Loss":NaN,"BC Loss 2":440.4885845389217,"_timestamp":1.735521082918671e+09,"_step":5,"QL Loss":NaN,"Average Episodic Reward":60.17675695861152,"BC Loss":0.03529375603049994,"Actor Loss":NaN,"Average Episodic N-Reward":0.012753636464177156}