{"Eval":4997.882153626536,"Norm Eval":1.0883492095890404,"Class Acc":0.40625,"_timestamp":1.73846207577999e+09,"_runtime":6795.320978377,"_step":52,"_wandb":{"runtime":6803}}