{"_timestamp":1.7383919318356543e+09,"_runtime":12911.53892361,"_step":99,"Eval":5041.054804109035,"Norm Eval":1.0977536410017323,"_wandb":{"runtime":12911},"Class Acc":0.501953125}