{"_runtime":205.21773859,"_step":1,"_wandb":{"runtime":238},"Eval":1020.3644470421316,"Norm Eval":0.31974608474465327,"Class Acc":0.6637703125,"_timestamp":1.7387768387541206e+09}