Trained Epochs,BC Loss,QL Loss,Actor Loss,Critic Loss
50,0.07716660457387567,nan,nan,297.4454421956073
362.5089177426091,0.11761337185673898
100,0.051280046679116786,nan,nan,1411.9214997940064
1374.7329872156333,0.42862937476377044
150,0.04726323186464608,nan,nan,54.48776652789116
565.1060680157618,0.17986337931913354
200,0.044821526488289236,nan,nan,23.519808021297454
45.53019155814998,0.0202184773885827
Trained Epochs,BC Loss,QL Loss,Actor Loss,Critic Loss
50,0.07732590005971492,nan,nan,56.4608601525392
955.2289777783874,0.29973255818582506
100,0.05196783202946186,nan,nan,77.56136349212646
724.1886099621303,0.2287430867086329
150,0.046559936777576805,nan,nan,768.7337959002685
761.1056087221648,0.24008620503583025
Trained Epochs,BC Loss,QL Loss,Actor Loss,Critic Loss
50,0.07717962988626212,nan,nan,98.14170701314974
951.7811918010909,0.29867319134613324
100,0.05178542493212968,nan,nan,7275.127321652317
844.4880228783156,0.2657062885190119
150,0.050065282891988756,nan,nan,29305.414946917535
605.2877412016193,0.19220960162432746
Trained Epochs,BC Loss,QL Loss,Actor Loss,Critic Loss
50,0.07716660457387567,nan,nan,297.4454421956073
362.5089177426091,0.11761337185673898
Trained Epochs,BC Loss,QL Loss,Actor Loss,Critic Loss
50,0.07741816517565399,nan,nan,164.0944273947652
472.0211702920454,0.15126211039642132
100,0.05229811358392238,nan,nan,282.45307820795057
461.1595179218384,0.14792475871014285
