{"Norm Eval":0.9913488565318215,"Class Acc":0.48046875,"_timestamp":1.7368130577003822e+09,"_runtime":618.83321747,"_step":4,"_wandb":{"runtime":722},"Eval":4552.585446633003}