{"Actor Loss":-0.9209328184616565,"_wandb":{"runtime":519},"Average Episodic N-Reward":0.06678530606358536,"BC Loss 2":3482.3166552856565,"QL Loss":-0.9905791515743733,"Critic Loss":73.962595307208,"_step":1,"_runtime":375.59476061,"Min Loss":NaN,"Average Episodic Reward":308.21837523794306,"BC Loss":1.0012736018240451,"_timestamp":1.7346561909166129e+09}