{"_timestamp":1.7359224454952314e+09,"QL Loss":NaN,"Min Loss":NaN,"_step":1,"BC Loss 2":0,"_wandb":{"runtime":105},"Actor Loss":NaN,"BC Loss":NaN,"_runtime":82.955884259,"Average Episodic Reward":512.5650718335789,"Critic Loss":0.02981735512559826,"Average Episodic N-Reward":0.16371963099881995}