{"Min Loss":-3.039227897024155,"QL Loss":-0.9999793700695038,"Critic Loss":51.036785568809506,"_runtime":270.858887487,"Average Episodic Reward":163.0508389973767,"Actor Loss":NaN,"_timestamp":1.73539824638314e+09,"_wandb":{"runtime":285},"_step":3,"Average Episodic N-Reward":0.03516301457427047}