{"_runtime":197.896868829,"_wandb":{"runtime":200},"_step":5,"Min Loss":NaN,"BC Loss":-1.2576532284739954e+24,"_timestamp":1.7355167565582757e+09,"Average Episodic N-Reward":-0.0021917728200012655,"BC Loss 2":733.1654818207026,"QL Loss":NaN,"Average Episodic Reward":-8.432699905833847,"Critic Loss":14.05255046095848,"Actor Loss":NaN}