{"_step":5,"Min Loss":NaN,"Average Episodic Reward":6.71486401240054,"_timestamp":1.7356853983075407e+09,"_wandb":{"runtime":167},"Actor Loss":NaN,"Critic Loss":44.9985304500103,"BC Loss":1.2356560677937655e+20,"Average Episodic N-Reward":0.0011078676780068711,"BC Loss 2":430.18688542209566,"QL Loss":NaN,"_runtime":163.439066253}