{"_wandb":{"runtime":1561},"Eval":5065.237835187464,"Norm Eval":1.1030215051376229,"Class Acc":0.548828125,"_timestamp":1.7370576290515e+09,"_runtime":1540.625822391,"_step":10}