{"BC Loss":NaN,"Min Loss":NaN,"Average Episodic Reward":242.21819303010815,"Critic Loss":10.462165087878704,"_wandb":{"runtime":118},"_step":1,"_timestamp":1.7348936450784302e+09,"_runtime":118.218141168,"Average Episodic N-Reward":0.0524082831135959,"BC Loss 2":1247.6109361723065,"Actor Loss":-1.9128347897827624,"QL Loss":-1.0000186277151109}