{"_step":1,"_wandb":{"runtime":443},"BC Loss 2":50088.4486797452,"_timestamp":1.7347242403727899e+09,"QL Loss":-1.0002012210351228,"Average Episodic N-Reward":0.01611633705235673,"Min Loss":-1.2705977350501891,"Actor Loss":-2.2707989558973907,"Average Episodic Reward":75.61380900354884,"Critic Loss":5.416458750705733e+06,"BC Loss":0.10293492938943208,"_runtime":383.57374523}