{"_step":19,"QL Loss":-1.000031099921465,"_wandb":{"runtime":1312},"Min Loss":0.027138439410086722,"_runtime":1291.693827115,"_timestamp":1.7354308739343624e+09,"Average Episodic N-Reward":0.008675009242567124,"Critic Loss":107.67626625099182,"Average Episodic Reward":41.453121285184785}