{"Min Loss":-0.663266135263443,"_wandb":{"runtime":3716},"_timestamp":1.7354452710572546e+09,"_runtime":3672.756395712,"Average Episodic Reward":5022.763198895844,"Average Episodic N-Reward":1.0937691243057925,"_step":43,"QL Loss":-1.0000280648827553,"Actor Loss":NaN,"Critic Loss":17.8595748855114}