{"QL Loss":-1.0000943856179714,"_timestamp":1.7355153077254858e+09,"Critic Loss":12.147380179810524,"Average Episodic Reward":99.72101700231524,"Average Episodic N-Reward":0.021367684413293113,"_runtime":6743.868126966,"_step":97,"Actor Loss":NaN,"_wandb":{"runtime":6808},"Min Loss":-1.0950617769241333}