{"Norm Eval":1.0793989182169834,"Class Acc":0.8113216796875,"_timestamp":1.738710836660881e+09,"_wandb":{"runtime":20625},"_runtime":20625.818482383,"_step":199,"Eval":3492.709520275954}