{"_wandb":{"runtime":117},"QL Loss":-0.9999140554130077,"Average Episodic Reward":156.03388649074338,"_runtime":117.615248326,"_timestamp":1.7348919700951982e+09,"Critic Loss":7.4371849712371825,"BC Loss 2":951.0067742988467,"_step":1,"BC Loss":NaN,"Average Episodic N-Reward":0.033634490199759316,"Min Loss":NaN,"Actor Loss":-0.9257926935613155}