{"QL Loss":-0.9999943574488163,"_timestamp":1.7354219559160006e+09,"Min Loss":0.04863305650297552,"_runtime":261.708329662,"_step":3,"Average Episodic N-Reward":-0.0006688411471437772,"Average Episodic Reward":-1.4414216524489418,"_wandb":{"runtime":280},"Critic Loss":63.183194436836246}