{"_step":199,"Eval":5011.094281864238,"Norm Eval":1.0912272481722292,"_wandb":{"runtime":24235},"Class Acc":0.455078125,"_timestamp":1.738370121593818e+09,"_runtime":24235.815471598}