{"QL Loss":-0.9999877735197544,"_timestamp":1.735487267888378e+09,"BC Loss":NaN,"Critic Loss":16.767679577755928,"Average Episodic Reward":8.13211858513721,"Actor Loss":-1.9566769668698312,"_runtime":152.835320331,"Average Episodic N-Reward":0.0014165926062812931,"Min Loss":NaN,"_step":1,"_wandb":{"runtime":152},"BC Loss 2":389.6014267464634}