{"BC Loss":0.061205369332432744,"Min Loss":NaN,"Average Episodic Reward":273.85096473872073,"Critic Loss":226.845652444458,"_runtime":527.642083351,"BC Loss 2":1028.9977927207947,"Actor Loss":-0.7475245689809322,"_wandb":{"runtime":553},"Average Episodic N-Reward":0.05929894719380071,"_step":7,"QL Loss":-0.8087299382925034,"_timestamp":1.7352326253837786e+09}