{"_runtime":499.351165067,"_step":3,"Eval":4289.160492383928,"_wandb":{"runtime":574},"Norm Eval":0.9339661874823216,"Class Acc":0.5,"_timestamp":1.7367361475820496e+09}