{"_wandb":{"runtime":37175},"_step":799,"Min Loss":NaN,"QL Loss":NaN,"BC Loss":0.02571392473578453,"BC Loss 2":382.36170197004685,"_timestamp":1.7356413364001305e+09,"_runtime":37175.230914235,"Actor Loss":NaN,"Average Episodic N-Reward":0.5354307443094152,"Average Episodic Reward":2459.6153941262014,"Critic Loss":4.293643246432803e+07}