{"_wandb":{"runtime":150},"Average Episodic Reward":8.13211858513721,"Average Episodic N-Reward":0.0014165926062812931,"QL Loss":-0.9999877735197544,"_runtime":150.752793547,"Critic Loss":16.767679577755928,"_step":1,"_timestamp":1.735486405438651e+09,"BC Loss":NaN,"Min Loss":NaN,"Actor Loss":-1.9566769668698312,"BC Loss 2":389.6014267464634}