{"_timestamp":1.7362137553557546e+09,"_runtime":14296.007341668,"_step":131,"_wandb":{"runtime":14354},"Eval":-2.916942485042897,"Norm Eval":-0.0009902583942445371,"Class Acc":0.6328125}