{"QL Loss":NaN,"Average Episodic Reward":2606.444838986143,"BC Loss 2":0,"_timestamp":1.7356938562328534e+09,"Min Loss":NaN,"_runtime":355.805422003,"_wandb":{"runtime":400},"Actor Loss":NaN,"Average Episodic N-Reward":0.5674150544714408,"_step":11,"BC Loss":NaN,"Critic Loss":54.75095279464722}