{"_timestamp":1.7345473804997888e+09,"BC Loss 2":NaN,"Critic Loss":31.154807898521423,"_runtime":770.74385854,"BC Loss":0.03392914515718818,"Average Episodic N-Reward":1.0679273429907221,"_wandb":{"runtime":898},"Actor Loss":-0.9660705560219288,"QL Loss":-0.9999997005856037,"Average Episodic Reward":4904.132083031142,"Min Loss":NaN,"_step":3}