{"Min Loss":0.10804409586519002,"QL Loss":-0.9999881695616245,"Average Episodic Reward":4770.910786231221,"_timestamp":1.7345588342521703e+09,"_step":1,"BC Loss":0.10804409586519002,"_wandb":{"runtime":826},"Actor Loss":-0.8919440746575594,"BC Loss 2":0.06294901060640812,"Critic Loss":23.37265847307056,"_runtime":426.531932387,"Average Episodic N-Reward":1.0389073376293967}