{"_step":0,"Actor Loss":-0.44419237122833727,"_runtime":137.045777307,"_timestamp":1.735312048904081e+09,"BC Loss":0.05580295570977032,"_wandb":{"runtime":137},"BC Loss 2":0.05126054959706962,"Critic Loss":8.361156460353731,"QL Loss":-0.9999906539261341}