{"Actor Loss":-1.8149414420604706,"QL Loss":-0.9363207632601261,"_runtime":51258.144331829,"Average Episodic N-Reward":0.006398330874806042,"Critic Loss":164.1878530593872,"BC Loss 2":895.1999255642295,"_step":799,"Average Episodic Reward":31.00163994419008,"_timestamp":1.7351234866491146e+09,"Min Loss":NaN,"BC Loss":NaN,"_wandb":{"runtime":51258}}