{"_timestamp":1.73602718367697e+09,"BC Loss":0.04936998906210065,"Min Loss":NaN,"Average Episodic Reward":743.7499072705554,"BC Loss 2":508.25589802861214,"Actor Loss":NaN,"Average Episodic N-Reward":0.2347534916021954,"_runtime":951.659994999,"QL Loss":NaN,"_wandb":{"runtime":954},"_step":21,"Critic Loss":1.9845240197509528}