{"_runtime":25039.491929109,"_step":199,"Eval":5041.471806067131,"Norm Eval":1.0978444778224985,"Class Acc":0.53125,"_timestamp":1.736383193061864e+09,"_wandb":{"runtime":25039}}