{"_timestamp":1.735428207950058e+09,"Min Loss":-0.6324518881440163,"Average Episodic Reward":208.05371650442368,"_wandb":{"runtime":279},"QL Loss":-1.0000039814710617,"_runtime":275.974766262,"Average Episodic N-Reward":0.044966129976239354,"Critic Loss":48.170899968242644,"_step":3}