{"_wandb":{"runtime":419},"_step":0,"Min Loss":-0.30288399913563946,"QL Loss":-1.000002165609598,"BC Loss 2":3.390565614446223e+06,"_runtime":419.208978356,"_timestamp":1.734662462898127e+09,"Actor Loss":-1.3028861648333072,"BC Loss":0.0018357825233769108,"Critic Loss":1815.526623509123}