{"Critic Loss":30.27768982806206,"_step":21,"_timestamp":1.7354046459700756e+09,"_wandb":{"runtime":1557},"Average Episodic Reward":5084.7464994458205,"Average Episodic N-Reward":1.1072711375535274,"QL Loss":-0.9999871298015117,"Actor Loss":NaN,"Min Loss":-1.7853128460645675,"_runtime":1545.491126152}