{"Class Acc":0.5,"_timestamp":1.7362983447827098e+09,"_runtime":3321.765026603,"_step":26,"Eval":5063.10587801496,"Norm Eval":1.1025570943409833,"_wandb":{"runtime":3335}}