{"Min Loss":NaN,"Actor Loss":-0.9524352511668205,"_timestamp":1.7348880978326364e+09,"_runtime":315.747048012,"BC Loss":NaN,"Average Episodic N-Reward":1.0341722727158205,"Critic Loss":26.98258437859148,"Average Episodic Reward":4749.17366108723,"_wandb":{"runtime":322},"QL Loss":-0.9999505769276619,"_step":1,"BC Loss 2":50088.4486797452}