{"Min Loss":NaN,"Average Episodic Reward":-9.47065533798529,"BC Loss 2":1759.5970674939454,"Critic Loss":14.943899012985229,"_runtime":1219.440605144,"_wandb":{"runtime":1230},"BC Loss":NaN,"Actor Loss":-0.9743604055285454,"_step":5,"QL Loss":-0.9999879936015605,"Average Episodic N-Reward":-0.002417873848360791,"_timestamp":1.734882459249905e+09}