{"Average Episodic Reward":4989.328433460246,"BC Loss 2":918.7382028438151,"Min Loss":NaN,"Average Episodic N-Reward":1.0864859263824684,"_step":1,"QL Loss":-0.9999802413976192,"Actor Loss":-0.8654508273208141,"Critic Loss":23.132745786783396,"_wandb":{"runtime":523},"_runtime":451.824411988,"BC Loss":0.13452941394940018,"_timestamp":1.734729436003947e+09}