{"BC Loss 2":0,"Actor Loss":NaN,"Average Episodic N-Reward":0.342234356901237,"QL Loss":NaN,"Min Loss":NaN,"_timestamp":1.7356942863172538e+09,"Critic Loss":34.0054036948204,"Average Episodic Reward":1572.714342692284,"_wandb":{"runtime":250},"BC Loss":NaN,"_runtime":233.674932644,"_step":7}