{"Min Loss":NaN,"Actor Loss":-1.9566769668698312,"Average Episodic Reward":8.13211858513721,"_timestamp":1.7354878326861346e+09,"_step":1,"BC Loss":NaN,"QL Loss":-0.9999877735197544,"_runtime":152.807555373,"Critic Loss":16.767679577755928,"_wandb":{"runtime":152},"Average Episodic N-Reward":0.0014165926062812931,"BC Loss 2":389.6014267464634}