{"BC Loss 2":389.6014267464634,"Average Episodic N-Reward":0.0014165926062812931,"_step":1,"_timestamp":1.7354867657097628e+09,"Min Loss":NaN,"Actor Loss":-1.9566769668698312,"_wandb":{"runtime":153},"_runtime":153.250012437,"Average Episodic Reward":8.13211858513721,"BC Loss":NaN,"Critic Loss":16.767679577755928,"QL Loss":-0.9999877735197544}