{"Min Loss":-2.9017794900894165,"_timestamp":1.7353442900483758e+09,"Average Episodic N-Reward":0.04251432074073747,"Critic Loss":60.62135243330002,"_runtime":919.181354979,"QL Loss":-0.9999841321647167,"Average Episodic Reward":196.79826696908748,"_step":13,"_wandb":{"runtime":990},"Actor Loss":NaN}