{"Eval":3559.3079655166416,"Norm Eval":1.0998619588255365,"Class Acc":0.749811328125,"_timestamp":1.7387545272647424e+09,"_runtime":28681.641506138,"_step":199,"_wandb":{"runtime":28681}}