{"QL Loss":-1.00006621850729,"_wandb":{"runtime":4287},"Critic Loss":106.62409001312255,"_step":63,"_timestamp":1.7353413818626065e+09,"_runtime":4243.417349913,"Actor Loss":NaN,"Average Episodic N-Reward":0.0933784053608708,"Average Episodic Reward":430.2985447693669,"Min Loss":-1.6330950541853906}