{"BC Loss":0.212345218359977,"Average Episodic N-Reward":0.016125838411250922,"_wandb":{"runtime":563},"Average Episodic Reward":75.65742661620898,"_runtime":373.974761823,"Critic Loss":1.019354143637256e+06,"BC Loss 2":50088.4486797452,"Min Loss":-1.1818638171115075,"_timestamp":1.7347151312210143e+09,"QL Loss":-1.0000841515380143,"_step":1,"Actor Loss":-2.1819479687297343}