{"_runtime":910.733695416,"Average Episodic Reward":-13.731957626297604,"_step":13,"_wandb":{"runtime":917},"Average Episodic N-Reward":-0.0033461264492852167,"_timestamp":1.7354324450618994e+09,"Critic Loss":180.4624913406372,"QL Loss":-0.9676519910812378,"Min Loss":0.00390625}