{"Critic Loss":2724.803161477661,"_step":5,"BC Loss 2":18443.676050037146,"Min Loss":NaN,"Average Episodic N-Reward":-0.0015967451323133707,"QL Loss":NaN,"_runtime":170.822889216,"_wandb":{"runtime":176},"Average Episodic Reward":-5.701123560528194,"Actor Loss":NaN,"BC Loss":2.6021798314905334e+25,"_timestamp":1.7356849884077387e+09}