{"Min Loss":NaN,"_step":1,"Average Episodic Reward":4749.17366108723,"Average Episodic N-Reward":1.0341722727158205,"Actor Loss":-0.952441799249649,"_wandb":{"runtime":391},"Critic Loss":26.98258437859148,"_runtime":354.093951123,"QL Loss":-0.9999571250247955,"BC Loss 2":2379.905234085396,"BC Loss":NaN,"_timestamp":1.734888903533339e+09}