{"Class Acc":0.505859375,"_timestamp":1.7380909758988657e+09,"_runtime":127.016478305,"_step":0,"_wandb":{"runtime":144},"Eval":97.52195937774185,"Norm Eval":0.020888656918531322}