{"Class Acc":0.76171875,"_timestamp":1.7368228426317368e+09,"_runtime":9621.59976462,"_step":88,"Eval":3699.6027311472644,"Norm Eval":0.8055410047009669,"_wandb":{"runtime":9634}}