{"Class Acc":0.650390625,"_timestamp":1.738437627787901e+09,"_wandb":{"runtime":12936},"_runtime":12912.313324004,"_step":112,"Eval":4918.021852711008,"Norm Eval":1.0709529942961784}