{"Norm Eval":1.0895113289142335,"Class Acc":0.673828125,"_timestamp":1.738625593467177e+09,"_runtime":12944.744362427,"_step":126,"Eval":5003.217061101943,"_wandb":{"runtime":12984}}