{"Norm Eval":1.0819272163787559,"Eval 2":2872.7594267501554,"Norm Eval 2":0.6254271812886554,"_timestamp":1.7376948450952656e+09,"_runtime":9207.208191903,"_step":59,"_wandb":{"runtime":9303},"Eval":4968.400895685262}