{"Class Acc":0.6171875,"_timestamp":1.7370274260271263e+09,"_runtime":22633.383866435,"_step":199,"_wandb":{"runtime":22633},"Eval":5019.601635653844,"Norm Eval":1.0930804312481741}