{"_step":79,"Actor Loss":NaN,"_timestamp":1.7357963103993046e+09,"BC Loss":NaN,"QL Loss":NaN,"_runtime":10289.2560155,"_wandb":{"runtime":10289},"Critic Loss":168.2188759764862,"Average Episodic Reward":3193.9270216088603,"Average Episodic N-Reward":0.9875949972507555,"BC Loss 2":0,"Min Loss":NaN}