{"_timestamp":1.7354858987222579e+09,"Min Loss":NaN,"Average Episodic N-Reward":0.0014165926062812931,"_runtime":152.729948309,"QL Loss":-0.9999877735197544,"_wandb":{"runtime":152},"BC Loss":NaN,"BC Loss 2":389.6014267464634,"Average Episodic Reward":8.13211858513721,"Actor Loss":-1.9566769668698312,"_step":1,"Critic Loss":16.767679577755928}