{"Actor Loss":NaN,"BC Loss":NaN,"_step":11,"Critic Loss":39.07660890426636,"Average Episodic N-Reward":0.5477170969899979,"_timestamp":1.7358308434213421e+09,"Average Episodic Reward":1762.312589838646,"_wandb":{"runtime":1581},"QL Loss":NaN,"BC Loss 2":0,"_runtime":1569.400965016,"Min Loss":NaN}