{"_runtime":400.589673868,"QL Loss":-0.9999540465974808,"BC Loss":0.04858003565363586,"Average Episodic N-Reward":0.8283936806439116,"Actor Loss":-0.9513740109789371,"_timestamp":1.734726960237725e+09,"BC Loss 2":58823.028303603176,"_wandb":{"runtime":413},"Critic Loss":22.76897134714216,"Min Loss":NaN,"Average Episodic Reward":3804.511847688117,"_step":1}