{"Eval":5065.051972503218,"Norm Eval":1.1029810180967152,"Class Acc":0.51953125,"_timestamp":1.738603121431974e+09,"_runtime":4619.980925592,"_wandb":{"runtime":4619},"_step":49}