{"Average Episodic Reward":29.39094789850599,"Actor Loss":-0.4779645877957344,"_wandb":{"runtime":793},"BC Loss":0.022010253659728914,"_runtime":786.091822404,"_step":15,"QL Loss":-0.9999496828734875,"Critic Loss":51.68630528793335,"BC Loss 2":0.021630980562325566,"Average Episodic N-Reward":0.006047468866073334,"_timestamp":1.735266274241261e+09}