{"_runtime":1586.422296936,"_step":12,"_wandb":{"runtime":1645},"Eval":4973.01427129374,"Norm Eval":1.0829321621952863,"Class Acc":0.6875,"_timestamp":1.7368687150968056e+09}