{"Min Loss":-3.040544928908348,"Actor Loss":NaN,"_timestamp":1.735398546964165e+09,"Average Episodic Reward":193.33862596760372,"Critic Loss":49.143638813495635,"QL Loss":-0.999995969170332,"Average Episodic N-Reward":0.041760696486785764,"_runtime":273.9078365,"_step":3,"_wandb":{"runtime":287}}