{"Actor Loss":-1.9128347897827624,"Critic Loss":10.462165087878704,"_runtime":117.682045014,"Average Episodic N-Reward":0.0524082831135959,"_wandb":{"runtime":117},"Min Loss":NaN,"_timestamp":1.7348922584948745e+09,"QL Loss":-1.0000186277151109,"BC Loss":NaN,"BC Loss 2":1247.6109361723065,"Average Episodic Reward":242.21819303010815,"_step":1}