{"Average Episodic Reward":3876.5611772750963,"BC Loss":NaN,"QL Loss":NaN,"_wandb":{"runtime":1149},"Average Episodic N-Reward":0.8440884079969581,"Actor Loss":NaN,"BC Loss 2":0,"_runtime":1140.997201995,"Critic Loss":51.90707422485352,"_step":35,"Min Loss":NaN,"_timestamp":1.7356959965462067e+09}