{"Average Episodic N-Reward":0.0649177004103551,"Actor Loss":-1.4207968305647374,"Average Episodic Reward":299.6448121411637,"_wandb":{"runtime":118},"_runtime":118.394765873,"BC Loss 2":1106.425531681627,"Min Loss":NaN,"QL Loss":-0.9999138550817966,"BC Loss":NaN,"_timestamp":1.7348958582380621e+09,"_step":1,"Critic Loss":8.375433778464794}