{"QL Loss":-1.000010422718525,"Min Loss":-0.6455083133339882,"_runtime":33779.039249248,"_wandb":{"runtime":33916},"_timestamp":1.7354823709677076e+09,"Actor Loss":NaN,"Critic Loss":3.5056535020157104e+19,"Average Episodic Reward":105.15091649838887,"_step":467,"Average Episodic N-Reward":0.022550496142893454}