{"Average Episodic Reward":3090.4024274642097,"QL Loss":-0.9999903281128406,"_runtime":416.621988266,"_wandb":{"runtime":472},"BC Loss":0.04939510029181838,"BC Loss 2":115322,"_step":1,"Average Episodic N-Reward":0.6728370264057054,"Actor Loss":-3.9690100313091277,"Critic Loss":26.138893594993053,"_timestamp":1.734631995986764e+09,"Min Loss":-2.969019702692032}