{"Norm Eval":0.7797365910148851,"Class Acc":0.5,"_timestamp":1.7367385418173027e+09,"_runtime":2238.653217858,"_step":18,"_wandb":{"runtime":2295},"Eval":3581.1431577730013}