{"Class Acc":0.47265625,"_timestamp":1.7382716490293376e+09,"_runtime":8828.483034572,"_step":71,"_wandb":{"runtime":8888},"Eval":5002.497163567032,"Norm Eval":1.0893545114171475}