{"Min Loss":NaN,"Critic Loss":22.6838547144413,"Average Episodic Reward":72.51357273851715,"_timestamp":1.7356877813803587e+09,"QL Loss":NaN,"Actor Loss":NaN,"BC Loss 2":0,"_step":3,"BC Loss":NaN,"Average Episodic N-Reward":0.01544100303899913,"_wandb":{"runtime":117},"_runtime":113.092907746}