{"Average Episodic Reward":188.20313728975856,"_runtime":796.312346202,"_timestamp":1.7345584036014051e+09,"Min Loss":0.024604866228383034,"_step":3,"BC Loss 2":0.004819035435474944,"Critic Loss":25.517849486846924,"Average Episodic N-Reward":0.0406420171724122,"QL Loss":-0.999991040790081,"BC Loss":0.024604866228383034,"_wandb":{"runtime":796},"Actor Loss":-0.9753861753439903}