{"Average Episodic Reward":1697.0462752464307,"_wandb":{"runtime":308},"Actor Loss":NaN,"Critic Loss":44.10013480186463,"BC Loss 2":404.1256918013096,"_runtime":300.464869528,"BC Loss":0.0327918080445379,"_step":7,"QL Loss":NaN,"_timestamp":1.7356022418941476e+09,"Average Episodic N-Reward":0.36931796467247907,"Min Loss":NaN}