{"Min Loss":NaN,"QL Loss":-0.9999954393911362,"Actor Loss":-0.9660378136360646,"BC Loss 2":1957.377717440948,"_timestamp":1.7348912911841588e+09,"_wandb":{"runtime":1402},"_step":3,"Critic Loss":32.1196688397789,"Average Episodic N-Reward":0.9719930387436829,"BC Loss":NaN,"_runtime":1121.953762837,"Average Episodic Reward":4463.729255386557}