{"_wandb":{"runtime":2685},"_timestamp":1.7353370722503662e+09,"Critic Loss":25.265791838788985,"Min Loss":-2.909473999810219,"_step":39,"Actor Loss":NaN,"_runtime":2668.183435523,"Average Episodic N-Reward":0.12032290041249277,"QL Loss":-1.0000009243607522,"Average Episodic Reward":553.9918565969355}