{"Min Loss":NaN,"Actor Loss":-1.968786907529831,"BC Loss":NaN,"BC Loss 2":448.0095514561981,"_step":5,"Average Episodic Reward":83.10708073972687,"_runtime":444.21743462,"_wandb":{"runtime":483},"QL Loss":-0.9998652319967747,"Critic Loss":51.276409650993344,"Average Episodic N-Reward":0.017748619511551975,"_timestamp":1.7354889468944004e+09}