{"Class Acc":0.753215625,"_timestamp":1.738775592490603e+09,"_runtime":11578.803933316,"_step":80,"_wandb":{"runtime":11581},"Eval":1944.0095138785794,"Norm Eval":0.6035453002106768}