{"_wandb":{"runtime":3185},"_runtime":3093.778794326,"_step":24,"Eval":4303.617883631057,"Norm Eval":0.9371154855418699,"Class Acc":0.5,"_timestamp":1.7363575535890641e+09}