{"_timestamp":1.7367720876118152e+09,"_runtime":26074.972828042,"_step":199,"_wandb":{"runtime":26074},"Eval":5070.426592073893,"Norm Eval":1.1041517880299212,"Class Acc":0.53515625}