{"_wandb":{"runtime":402},"_step":3,"Average Episodic Reward":6.157042826254852,"QL Loss":-1.0000120160758494,"Average Episodic N-Reward":0.0009863557711161828,"Critic Loss":77.22671178808213,"_runtime":303.041579432,"Min Loss":-2.8814013043165208,"Actor Loss":NaN,"_timestamp":1.7354392804815845e+09}