{"Min Loss":NaN,"_runtime":683.340932866,"Average Episodic Reward":270.86022561230163,"QL Loss":-0.9999116001188755,"_step":11,"Critic Loss":50.38751957321167,"_wandb":{"runtime":696},"BC Loss":NaN,"BC Loss 2":463.4185021277517,"Actor Loss":-1.97198199198246,"_timestamp":1.7349060803807974e+09,"Average Episodic N-Reward":0.05864746527936359}