{"_step":11,"Min Loss":NaN,"Average Episodic Reward":5031.418929688533,"BC Loss 2":444.8660151939839,"_timestamp":1.7355165277508438e+09,"Critic Loss":60.370916762924196,"_wandb":{"runtime":465},"BC Loss":0.009174123231787235,"Actor Loss":NaN,"QL Loss":NaN,"Average Episodic N-Reward":1.0956546288012734,"_runtime":455.298903016}