{"Average Episodic Reward":605.2877412016193,"Min Loss":NaN,"BC Loss":0.050065282891988756,"_runtime":1218.42067902,"Actor Loss":NaN,"Critic Loss":29305.414946917535,"QL Loss":NaN,"Average Episodic N-Reward":0.19220960162432746,"BC Loss 2":2603.0273198205978,"_step":5,"_timestamp":1.735920350892351e+09,"_wandb":{"runtime":1229}}