{"_timestamp":1.7355704844472291e+09,"Average Episodic Reward":93.16444735968062,"BC Loss":0.02548245234247297,"Actor Loss":NaN,"_wandb":{"runtime":1631},"_runtime":1607.249753847,"BC Loss 2":357.04899182356894,"QL Loss":NaN,"_step":31,"Critic Loss":16.785122295880317,"Min Loss":NaN,"Average Episodic N-Reward":0.019939446655880193}