{"_wandb":{"runtime":1153},"_runtime":1094.348349831,"Critic Loss":30.11543564295769,"Average Episodic N-Reward":0.24693604899330604,"QL Loss":-0.9999898044407368,"Average Episodic Reward":1135.231164992661,"_timestamp":1.735425240697856e+09,"_step":15,"Min Loss":0.044677895114570855}