{"Average Episodic Reward":4494.598927655186,"_step":19,"_runtime":1577.610331199,"Min Loss":-0.6604122191607952,"QL Loss":-0.9999850995838642,"_wandb":{"runtime":1663},"Critic Loss":23.450704780721665,"_timestamp":1.735441507691982e+09,"Actor Loss":NaN,"Average Episodic N-Reward":0.9787174745227715}