{"_wandb":{"runtime":293},"Critic Loss":32.74910763530731,"_timestamp":1.7355171969328008e+09,"_step":7,"Average Episodic Reward":4144.5068734888155,"Average Episodic N-Reward":0.9024558441910697,"BC Loss":0.0035138997451402247,"_runtime":287.37071937,"QL Loss":NaN,"BC Loss 2":503.2136014290154,"Actor Loss":NaN,"Min Loss":NaN}