{"BC Loss":NaN,"Average Episodic Reward":627.5881889793166,"BC Loss 2":0,"QL Loss":NaN,"Critic Loss":380.0473597060394,"_wandb":{"runtime":791},"_timestamp":1.7358316269520104e+09,"Actor Loss":NaN,"_runtime":764.974016153,"_step":5,"Min Loss":NaN,"Average Episodic N-Reward":0.19906163798665905}