{"Average Episodic Reward":-6.069298794178329,"Critic Loss":5190.410068005371,"_timestamp":1.7354215628131435e+09,"_step":11,"_runtime":782.836836692,"Min Loss":0.03776288995146752,"Average Episodic N-Reward":-0.0016769458773224864,"QL Loss":-1.0000120698094368,"_wandb":{"runtime":909}}