{"QL Loss":NaN,"Critic Loss":37.633856834602355,"Average Episodic Reward":1390.7896281651526,"_wandb":{"runtime":391},"_step":9,"Min Loss":NaN,"_runtime":371.151746195,"BC Loss 2":424.63615756481886,"BC Loss":0.03041563419913873,"Average Episodic N-Reward":0.30260513606529277,"_timestamp":1.7356876101815565e+09,"Actor Loss":NaN}