{"_step":199,"Eval":5021.349760885854,"Norm Eval":1.093461230751135,"Class Acc":0.47265625,"_timestamp":1.7363206497975197e+09,"_wandb":{"runtime":22218},"_runtime":22218.939842486}