{"Average Episodic Reward":299.6448121411637,"_step":1,"QL Loss":-0.9999138550817966,"_wandb":{"runtime":118},"Critic Loss":8.375433778464794,"Average Episodic N-Reward":0.0649177004103551,"Min Loss":NaN,"Actor Loss":-1.4207968305647374,"_runtime":118.398705496,"_timestamp":1.7348962707010367e+09,"BC Loss":NaN,"BC Loss 2":1106.425531681627}