{"QL Loss":-0.9999232117772102,"_timestamp":1.7354273037613404e+09,"_runtime":1554.908727419,"Min Loss":0.03477667178232223,"_wandb":{"runtime":1557},"Critic Loss":199.6539570755005,"_step":23,"Average Episodic Reward":-12.875878576354804,"Average Episodic N-Reward":-0.003159644113383851}