{"_runtime":441.48837771,"Actor Loss":NaN,"Average Episodic Reward":29.328515402231574,"_wandb":{"runtime":503},"Critic Loss":154.33351345863343,"_timestamp":1.735439849842682e+09,"_step":5,"Min Loss":-0.6350137569844723,"QL Loss":-0.999998247730732,"Average Episodic N-Reward":0.006033869003137564}