{"Average Episodic Reward":3.1114025789678252,"_runtime":774.580060802,"BC Loss":0.033127758792974055,"QL Loss":-0.9999851485013962,"_wandb":{"runtime":1082},"Critic Loss":10921.602085346069,"_timestamp":1.7348120572003143e+09,"_step":3,"Actor Loss":-0.9668573897230626,"Average Episodic N-Reward":0.0003229145764423418}