{"BC Loss 2":0.00039834683386725373,"QL Loss":-0.9999709964692592,"Average Episodic Reward":4234.827859521511,"_timestamp":1.7346223581721838e+09,"Actor Loss":-0.951762587647438,"_wandb":{"runtime":411},"Critic Loss":22.56811024470657,"Average Episodic N-Reward":0.9221307427386011,"Min Loss":0.04820840877249837,"BC Loss":0.04820840877249837,"_runtime":411.156172166,"_step":1}