{"_wandb":{"runtime":1489},"Critic Loss":768.7337959002685,"_runtime":1219.002085244,"_step":5,"BC Loss 2":2560.836071167141,"BC Loss":0.046559936777576805,"_timestamp":1.7359188436003652e+09,"Actor Loss":NaN,"Average Episodic Reward":761.1056087221648,"Min Loss":NaN,"Average Episodic N-Reward":0.24008620503583025,"QL Loss":NaN}