{"_wandb":{"runtime":1214},"Critic Loss":27773.180226171877,"Average Episodic N-Reward":0.00012500681190411706,"Actor Loss":NaN,"_step":27,"Min Loss":NaN,"Average Episodic Reward":2.2028731452106305,"QL Loss":NaN,"BC Loss":0.035323353074491026,"BC Loss 2":326.10908143408597,"_timestamp":1.7355194567394545e+09,"_runtime":1135.332064612}