{"_runtime":1243.142850475,"QL Loss":-1.000008151513338,"Average Episodic Reward":5101.709121400529,"BC Loss":0.031746657346487045,"Average Episodic N-Reward":1.1109661577334244,"BC Loss 2":43213,"Critic Loss":22.41077463645935,"Actor Loss":-1.9452526911258698,"_step":5,"Min Loss":-0.9452445395219325,"_timestamp":1.7346312259609027e+09,"_wandb":{"runtime":1585}}