{"_timestamp":1.7346603027374613e+09,"_wandb":{"runtime":890},"BC Loss":0.03303318864468485,"_runtime":798.166278606,"Average Episodic Reward":0.6848868087479186,"QL Loss":-0.9709443113863468,"BC Loss 2":1675.5612620469183,"Critic Loss":88.11669220680237,"Average Episodic N-Reward":-0.00020566082668467593,"Actor Loss":-5.674299389891624,"_step":3,"Min Loss":-4.703355077495575}