{"_wandb":{"runtime":6908},"_runtime":6822.904890616,"_step":53,"Eval":4965.534967604426,"Norm Eval":1.0813029224387567,"Class Acc":0.6015625,"_timestamp":1.7384246236138248e+09}