{"Critic Loss":49.873883174037935,"Min Loss":-1.4943683291196823,"Actor Loss":NaN,"_wandb":{"runtime":592},"_step":7,"_timestamp":1.7355729293299956e+09,"Average Episodic Reward":60.50796029516905,"Average Episodic N-Reward":0.012825783506980857,"_runtime":527.865987953,"QL Loss":-1.0000210125923157}