{"_step":4,"Eval":705.0872034375267,"Norm Eval":0.22287398787335488,"Class Acc":0.723492578125,"_wandb":{"runtime":705},"_timestamp":1.7387257583221939e+09,"_runtime":700.770688491}