{"Average Episodic N-Reward":0.3584985577317009,"Actor Loss":NaN,"BC Loss 2":0,"Min Loss":NaN,"_runtime":1030.205732533,"QL Loss":NaN,"_step":7,"_timestamp":1.7357859558535342e+09,"Critic Loss":11.425052550439835,"Average Episodic Reward":1146.4871723760375,"BC Loss":NaN,"_wandb":{"runtime":1067}}