{"QL Loss":-0.9999921261131763,"Critic Loss":42.898387031173705,"Min Loss":-0.6546216508626937,"Average Episodic Reward":220.15032462283844,"_timestamp":1.7354228215219266e+09,"_step":11,"Average Episodic N-Reward":0.04760117137639526,"_runtime":794.429867777,"_wandb":{"runtime":873}}