{"Average Episodic Reward":-13.426782540594468,"Average Episodic N-Reward":-0.0032796492205238977,"_wandb":{"runtime":1270},"_timestamp":1.7355718295816698e+09,"BC Loss":0.02638275024080649,"Min Loss":NaN,"_step":23,"_runtime":1222.166514643,"Actor Loss":NaN,"QL Loss":NaN,"Critic Loss":18.06823654139042,"BC Loss 2":368.69665754400194}