{"Average Episodic N-Reward":0.9697014753020121,"Min Loss":0.04613378823529929,"Actor Loss":-0.9538263439428807,"BC Loss 2":0.04765230803724378,"_timestamp":1.7344844990579221e+09,"Critic Loss":22.8869265528056,"_wandb":{"runtime":419},"_step":1,"_runtime":419.366654641,"BC Loss":0.04766786789014935,"QL Loss":-0.9999601314139366,"Average Episodic Reward":4453.2094415685515}