{"_timestamp":1.7348326776129544e+09,"_wandb":{"runtime":1333},"Min Loss":NaN,"QL Loss":-0.9999893444049358,"_runtime":1225.259337429,"Actor Loss":-0.9683891871476173,"Critic Loss":36.24454348690033,"BC Loss":NaN,"_step":5,"BC Loss 2":1556.2998129297048,"Average Episodic Reward":5060.790114763227,"Average Episodic N-Reward":1.1020526445000411}