{"BC Loss 2":966.441668368876,"Min Loss":NaN,"BC Loss":NaN,"QL Loss":-0.9993480580866336,"_timestamp":1.7349532177793713e+09,"_runtime":47017.314015379,"Critic Loss":30.219716693782807,"Actor Loss":-1.9756841184973717,"_wandb":{"runtime":47017},"Average Episodic N-Reward":0.3495014941091101,"Average Episodic Reward":1606.0753786673508,"_step":799}