{"Actor Loss":-0.94950315259099,"_wandb":{"runtime":333},"_runtime":320.574342992,"QL Loss":-0.9946402823030949,"Critic Loss":30.806977858269363,"_step":1,"_timestamp":1.734811171820207e+09,"Average Episodic Reward":-1.2786607528823983,"Average Episodic N-Reward":-0.000633386439139178,"BC Loss":0.04513712972976267}