{"_timestamp":1.734896948871027e+09,"BC Loss":NaN,"Min Loss":NaN,"BC Loss 2":570.9901436083019,"QL Loss":-1.0000067328870297,"Actor Loss":-1.4500392918944358,"_wandb":{"runtime":301},"_step":3,"Critic Loss":24.760101583623886,"Average Episodic Reward":1638.0343066665273,"_runtime":229.342147061,"Average Episodic N-Reward":0.3564632058185465}