{"Average Episodic Reward":-5.756726692783618,"Min Loss":NaN,"_step":17,"_timestamp":1.7355206321637506e+09,"BC Loss 2":345.3312274478376,"_wandb":{"runtime":958},"Actor Loss":NaN,"Average Episodic N-Reward":-0.0016088573338526057,"Critic Loss":25.565087320399286,"_runtime":882.058349555,"BC Loss":0.028154409301374108,"QL Loss":NaN}