{"Norm Eval":0.7334920119199696,"Class Acc":0.365234375,"_timestamp":1.738297757326104e+09,"_runtime":23301.030850635,"_wandb":{"runtime":23301},"_step":199,"Eval":3368.8495099847228}