{"_step":5,"QL Loss":-1.0000110563457012,"Critic Loss":100.0736600856781,"_wandb":{"runtime":423},"Min Loss":0.042471857460588215,"_timestamp":1.735425716405712e+09,"Average Episodic Reward":32.34104192538579,"Average Episodic N-Reward":0.006690096933303772,"_runtime":397.223943914}