{"_step":7,"Average Episodic N-Reward":0.8691335961633857,"_wandb":{"runtime":547},"_runtime":473.01371339,"Average Episodic Reward":3991.5353960798975,"BC Loss":NaN,"BC Loss 2":402.5076289102435,"Min Loss":NaN,"Critic Loss":27.648405939388276,"Actor Loss":-1.4599910768151283,"QL Loss":-0.9999888954937458,"_timestamp":1.7348993600954003e+09}