{"_step":85,"_wandb":{"runtime":11999},"Eval":5030.616305767571,"Norm Eval":1.0954797907607428,"Class Acc":0.607421875,"_timestamp":1.7370560018068454e+09,"_runtime":11918.740297913}