{"QL Loss":-1.0000544508635998,"_step":7,"_wandb":{"runtime":649},"Critic Loss":143.67308213806152,"Min Loss":-0.25731266833245753,"Actor Loss":NaN,"Average Episodic N-Reward":-0.0011310863109633552,"Average Episodic Reward":-3.5634371171877666,"_runtime":620.43185199,"_timestamp":1.7355028399953816e+09}