{"_wandb":{"runtime":118},"Min Loss":NaN,"BC Loss 2":1247.6109361723065,"QL Loss":-1.0000186277151109,"Actor Loss":-1.9128347897827624,"Critic Loss":10.462165087878704,"Average Episodic Reward":242.21819303010815,"Average Episodic N-Reward":0.0524082831135959,"_runtime":118.821789837,"_step":1,"_timestamp":1.734892793403997e+09,"BC Loss":NaN}