{"Critic Loss":23.190391844010353,"Average Episodic Reward":13.791467210997695,"_wandb":{"runtime":125},"_runtime":111.584338062,"Actor Loss":NaN,"_timestamp":1.7356948207963464e+09,"_step":3,"BC Loss":NaN,"QL Loss":NaN,"Average Episodic N-Reward":0.0026493859464537493,"Min Loss":NaN,"BC Loss 2":0}