{"BC Loss":0.027228414082303642,"BC Loss 2":0,"Average Episodic N-Reward":1.100432781381398,"_wandb":{"runtime":9388},"_timestamp":1.7345691715734997e+09,"Critic Loss":17.444853208379744,"_step":45,"Average Episodic Reward":5053.353856133463,"QL Loss":-0.9998800324594974,"_runtime":9388.550303199,"Min Loss":0.027228414082303642,"Actor Loss":-0.9726516184294224}