{"BC Loss":0.07716660457387567,"_timestamp":1.7359207841755228e+09,"_wandb":{"runtime":424},"Average Episodic N-Reward":0.11761337185673898,"Actor Loss":NaN,"Critic Loss":297.4454421956073,"Average Episodic Reward":362.5089177426091,"BC Loss 2":4173.212964426726,"_runtime":410.727354784,"_step":1,"Min Loss":NaN,"QL Loss":NaN}