{"Average Episodic N-Reward":0.43958135521818237,"Critic Loss":20.514977073097228,"_timestamp":1.7360094394042673e+09,"Average Episodic Reward":2019.6023840241578,"Actor Loss":NaN,"_runtime":2187.044634438,"_step":31,"Min Loss":0.030088079592213036,"QL Loss":-0.9999619339108468,"_wandb":{"runtime":2191}}