{"_runtime":12216.071305742,"Average Episodic Reward":5094.58779641201,"Actor Loss":NaN,"_step":143,"Average Episodic N-Reward":1.1094148975797502,"_timestamp":1.7355013425293314e+09,"Critic Loss":13.75181633298397,"Min Loss":-5.514626756477356,"_wandb":{"runtime":12295},"QL Loss":-1.0001620010197163}