{"Average Episodic N-Reward":0.24440947533262256,"Actor Loss":NaN,"_wandb":{"runtime":628},"_step":7,"Min Loss":-0.6520973129928112,"QL Loss":-1.0001547399520874,"Average Episodic Reward":1123.6324965794101,"_timestamp":1.7354474753573303e+09,"Critic Loss":29.59458279161453,"_runtime":614.242423913}