{"_wandb":{"runtime":1664},"Min Loss":NaN,"Actor Loss":NaN,"Critic Loss":3.892629930103657e+20,"BC Loss 2":314.54177722427994,"QL Loss":NaN,"_step":39,"BC Loss":0.026697560044098647,"Average Episodic Reward":-18.679781689169694,"Average Episodic N-Reward":-0.00442392620263162,"_timestamp":1.7356039705007534e+09,"_runtime":1637.550310953}