{"BC Loss 2":0,"Average Episodic N-Reward":1.0941469337065948,"Average Episodic Reward":5024.497597552612,"_wandb":{"runtime":1807},"BC Loss":NaN,"QL Loss":NaN,"_timestamp":1.7356917443586376e+09,"Min Loss":NaN,"_step":52,"Critic Loss":2379.922825289154,"_runtime":1803.985924556,"Actor Loss":NaN}