{"Min Loss":NaN,"_timestamp":1.7357847147296236e+09,"Critic Loss":55.895575069999694,"_wandb":{"runtime":2108},"_step":61,"Actor Loss":NaN,"QL Loss":NaN,"Average Episodic N-Reward":1.0950971959217968,"BC Loss":NaN,"_runtime":2093.781958118,"Average Episodic Reward":5028.859938738733,"BC Loss 2":0}