{"Average Episodic N-Reward":-0.0002504732679666285,"QL Loss":-1.0000407947123051,"_runtime":136.265851048,"Average Episodic Reward":0.47916763447415545,"Min Loss":-2.245871169579029,"Actor Loss":NaN,"_timestamp":1.7354378178693728e+09,"_step":1,"_wandb":{"runtime":146},"Critic Loss":17.083010626377536}