{"BC Loss":0.03053547416694462,"Average Episodic N-Reward":0.07848388557458089,"BC Loss 2":0,"Actor Loss":-0.9694336293959618,"_step":7,"Min Loss":0,"_timestamp":1.7345363915946188e+09,"Critic Loss":34.21533081944466,"_runtime":1572.0214576,"_wandb":{"runtime":1583},"QL Loss":-0.9999691029965877,"Average Episodic Reward":361.92270484667574}