{"_runtime":271.229530064,"Min Loss":-0.6324629423499107,"_timestamp":1.7354181299345374e+09,"Average Episodic N-Reward":0.043913917677740416,"QL Loss":-0.9999693967938423,"_wandb":{"runtime":283},"Critic Loss":46.66225739488602,"Average Episodic Reward":203.22335602827894,"_step":3}