{"_runtime":374.665277257,"Critic Loss":21.174691229291334,"_step":1,"QL Loss":-0.9999753049349784,"_timestamp":1.7347428568286116e+09,"Average Episodic N-Reward":0.6853110344592097,"_wandb":{"runtime":378},"Average Episodic Reward":3147.6664943894066,"BC Loss":0.04853875715889037,"Actor Loss":-0.9514365478670597}