{"_step":3,"Min Loss":0.049871370468102395,"Actor Loss":NaN,"Average Episodic Reward":39.21661582202348,"Average Episodic N-Reward":0.008187824369798244,"Critic Loss":26.75357123310566,"_timestamp":1.73600408147642e+09,"_wandb":{"runtime":303},"QL Loss":-1.0000464460492133,"_runtime":271.134457275}