{"Actor Loss":NaN,"BC Loss":NaN,"_timestamp":1.736002959419167e+09,"Min Loss":NaN,"QL Loss":NaN,"_runtime":254.224247319,"Average Episodic Reward":13.687445769735168,"_wandb":{"runtime":310},"Critic Loss":23.518551634597777,"_step":5,"BC Loss 2":0,"Average Episodic N-Reward":0.010434474206507194}