{"BC Loss 2":0,"QL Loss":NaN,"Average Episodic Reward":703.2887177585413,"Average Episodic N-Reward":0.22232138510087313,"_step":3,"BC Loss":NaN,"Actor Loss":NaN,"Min Loss":NaN,"Critic Loss":23.28622179546356,"_runtime":189.462994691,"_timestamp":1.7360017834359221e+09,"_wandb":{"runtime":204}}