{"Min Loss":NaN,"_step":19,"Average Episodic Reward":1066.939842431951,"Average Episodic N-Reward":0.3340568423573404,"BC Loss":0.05056584826502949,"QL Loss":NaN,"_timestamp":1.7360252936437833e+09,"BC Loss 2":515.4087051767856,"Critic Loss":2.5782168881356715,"_wandb":{"runtime":895},"Actor Loss":NaN,"_runtime":885.819245463}