{"_runtime":813.589218785,"_step":3,"Actor Loss":NaN,"QL Loss":NaN,"_timestamp":1.7359216316931953e+09,"BC Loss 2":2820.1437347866595,"Critic Loss":282.45307820795057,"_wandb":{"runtime":823},"Min Loss":NaN,"Average Episodic N-Reward":0.14792475871014285,"Average Episodic Reward":461.1595179218384,"BC Loss":0.05229811358392238}