{"_wandb":{"runtime":1167},"_timestamp":1.7348949007170029e+09,"Average Episodic Reward":4642.859604603203,"Min Loss":NaN,"_runtime":1164.158027822,"QL Loss":-0.9999957064747811,"Critic Loss":22.412520095062256,"BC Loss 2":590.6284537427127,"Average Episodic N-Reward":1.0110135543782839,"_step":19,"Actor Loss":-1.9664562559008598,"BC Loss":NaN}