{"_step":0,"_wandb":{"runtime":163},"Eval":531.0638721462238,"Norm Eval":0.1153284269486642,"Class Acc":0.7403318359375,"_timestamp":1.738777009824704e+09,"_runtime":106.713673189}