{"_runtime":294.71062871,"BC Loss":0.6884702055382729,"Average Episodic Reward":-7.663559001290283,"Actor Loss":-1.7757117305868864,"Critic Loss":73.962595307208,"_step":1,"BC Loss 2":50063.68009120226,"Min Loss":-0.787462127024387,"QL Loss":-0.9882496033895015,"Average Episodic N-Reward":-0.002024228488054167,"_wandb":{"runtime":563},"_timestamp":1.734653649663718e+09}