{"Average Episodic Reward":75.61358249961822,"_wandb":{"runtime":7820},"BC Loss":0.031715363404788074,"Min Loss":-6.851359993467331,"Actor Loss":-7.852248757781982,"_step":39,"Critic Loss":1.509001446904692e+18,"BC Loss 2":2658.5455309730023,"_timestamp":1.7347235679394212e+09,"_runtime":7579.420337429,"Average Episodic N-Reward":0.016116287712307966,"QL Loss":-1.0008887649607658}