{"_step":9,"BC Loss":0.03677739204093814,"Actor Loss":-0.46323034688234327,"QL Loss":-1.0000154779791832,"Critic Loss":28.729697683906554,"_runtime":725.135489712,"Average Episodic N-Reward":1.0892015429875497,"Average Episodic Reward":5001.794935834586,"_wandb":{"runtime":734},"BC Loss 2":0.03690092181432992,"_timestamp":1.7353333725222404e+09}