{"BC Loss 2":0.003937375371125527,"_timestamp":1.7345572344280624e+09,"_runtime":2371.120650382,"_wandb":{"runtime":2675},"BC Loss":0.021442197129614652,"Average Episodic Reward":243.95515178837368,"Min Loss":0.021442197129614652,"QL Loss":-1.0000001265788079,"_step":11,"Average Episodic N-Reward":0.0527866501891917,"Critic Loss":22.149944701452256,"Actor Loss":-0.9785579297995567}