{"Average Episodic Reward":174.61526068006907,"QL Loss":-1.0000047803640366,"Min Loss":0.003906249967799522,"_timestamp":1.7354363132881782e+09,"_runtime":1322.355792558,"Average Episodic N-Reward":0.03768212816416731,"_wandb":{"runtime":1352},"_step":19,"Critic Loss":481.49134093322755}