{"Min Loss":NaN,"QL Loss":-0.9999753049349784,"_timestamp":1.7345430751067379e+09,"_step":1,"BC Loss 2":NaN,"Average Episodic N-Reward":0.6853110344592097,"Actor Loss":-0.9514365487313271,"Average Episodic Reward":3147.6664943894066,"_wandb":{"runtime":503},"BC Loss":0.04853875721309334,"Critic Loss":21.174691229291334,"_runtime":384.582908308}