{"Eval":14.281659664975754,"_wandb":{"runtime":278},"Norm Eval":0.0027561660783412883,"Class Acc":0.7646515625,"_timestamp":1.738777271262671e+09,"_runtime":200.269344899,"_step":1}