{"Norm Eval":0.7620486624384863,"Class Acc":0.48828125,"_wandb":{"runtime":474},"_timestamp":1.7386072723127458e+09,"_runtime":441.863613374,"_step":4,"Eval":3499.9436971487594}