{"BC Loss 2":0,"Average Episodic Reward":1985.1006790922554,"_wandb":{"runtime":271},"Actor Loss":NaN,"_timestamp":1.7356934114115107e+09,"_runtime":228.159607037,"Average Episodic N-Reward":0.4320657425785427,"_step":7,"BC Loss":NaN,"Critic Loss":30.725708748626708,"QL Loss":NaN,"Min Loss":NaN}