{"_step":1,"Average Episodic Reward":-18.551328892933405,"Actor Loss":NaN,"BC Loss":NaN,"Min Loss":NaN,"QL Loss":NaN,"_timestamp":1.7357814564766421e+09,"_runtime":59.108305373,"Average Episodic N-Reward":-0.0043959449344335415,"BC Loss 2":0,"_wandb":{"runtime":70},"Critic Loss":6.793253199806809}