{"_timestamp":1.7354314260078154e+09,"Average Episodic N-Reward":-0.0009134937259759834,"_runtime":521.188079329,"Average Episodic Reward":-2.5645411492119443,"QL Loss":-1.0000277786374092,"Critic Loss":107.60103244895934,"Min Loss":0.033350995024852455,"_wandb":{"runtime":594},"_step":7}