{"_timestamp":1.7360104476443892e+09,"Actor Loss":NaN,"Min Loss":NaN,"_runtime":868.136962515,"_step":19,"Critic Loss":222.97213792991639,"_wandb":{"runtime":873},"Average Episodic Reward":718.597521742133,"QL Loss":NaN,"Average Episodic N-Reward":0.22702516874705997,"BC Loss 2":470.24156985245645,"BC Loss":0.05128164251092821}