{"Actor Loss":-0.95144225045681,"Average Episodic N-Reward":0.8594606275475466,"BC Loss":NaN,"Average Episodic Reward":3947.1299796486383,"Critic Loss":22.410937551792262,"_runtime":403.057949121,"_step":1,"BC Loss 2":2380.219794280827,"_timestamp":1.7348305684261825e+09,"QL Loss":-0.999981960439682,"Min Loss":NaN,"_wandb":{"runtime":403}}