{"Eval":5065.051972503218,"Norm Eval":1.1029810180967152,"Class Acc":0.51953125,"_timestamp":1.738611934264975e+09,"_runtime":4581.218767407,"_step":49,"_wandb":{"runtime":4581}}