{"_timestamp":1.7387854661770804e+09,"_runtime":7849.002504429,"_step":57,"Eval":-7.701450933180036,"_wandb":{"runtime":7853},"Norm Eval":-0.0020324826042728604,"Class Acc":0.8054205078125}