{"_timestamp":1.7344746409154131e+09,"Actor Loss":-0.9672738319396973,"Min Loss":0.03272886939439922,"BC Loss":0.03383338364496827,"_step":3,"Critic Loss":31.15598226849556,"_wandb":{"runtime":811},"BC Loss 2":0.03383398643128574,"_runtime":811.565803539,"QL Loss":-1.0000027008020878,"Average Episodic Reward":4890.9965888494,"Average Episodic N-Reward":1.0650659978399515}