{"QL Loss":NaN,"Average Episodic N-Reward":0.1205304993975281,"Average Episodic Reward":372.0029202470142,"_runtime":344.162867248,"_timestamp":1.736023072390277e+09,"Min Loss":NaN,"BC Loss":0.06550434037093072,"_step":7,"_wandb":{"runtime":372},"Critic Loss":44.555357256889344,"Actor Loss":NaN,"BC Loss 2":698.1358386613429}