{"Average Episodic Reward":222.50084259159553,"_step":15,"Critic Loss":57.002466228485105,"_timestamp":1.7354192211438694e+09,"_wandb":{"runtime":1090},"QL Loss":-1.0000261872410774,"Average Episodic N-Reward":0.048113191944380476,"_runtime":1068.532168081,"Min Loss":-0.6530767188847065}