{"_runtime":893.611654541,"Min Loss":NaN,"Average Episodic Reward":-4.395220242120308,"_timestamp":1.7356614477212121e+09,"QL Loss":NaN,"BC Loss 2":3.389862168117278e+09,"Average Episodic N-Reward":-0.0013122761906959825,"Critic Loss":62.42622037086487,"Actor Loss":NaN,"_step":33,"BC Loss":32710.213821039855,"_wandb":{"runtime":930}}