{"_step":3,"Min Loss":0.03391629808571189,"_wandb":{"runtime":787},"Average Episodic Reward":172.95815929004792,"Average Episodic N-Reward":0.03732115666503157,"BC Loss 2":0.851111864259243,"QL Loss":-1.000004275497198,"_runtime":787.762713765,"_timestamp":1.7344876508792863e+09,"BC Loss":0.03391629808571189,"Actor Loss":-0.9660879779684544,"Critic Loss":33.010483357963565}