{"BC Loss 2":822.6195953823626,"_timestamp":1.7355169003912907e+09,"BC Loss":8.731787040161901e+09,"Actor Loss":NaN,"QL Loss":NaN,"_runtime":131.255590767,"Average Episodic N-Reward":0.0013181235932100258,"Average Episodic Reward":7.680079743220074,"_wandb":{"runtime":133},"_step":3,"Min Loss":NaN,"Critic Loss":384.8900676192045}