{"_wandb":{"runtime":22403},"_timestamp":1.7368452830518458e+09,"_runtime":22403.454627446,"_step":199,"Eval":2021.5065176471849,"Norm Eval":0.43999613850941477,"Class Acc":0.734375}