{"Average Episodic Reward":242.21819303010815,"BC Loss 2":1247.6109361723065,"_step":1,"QL Loss":-1.0000186277151109,"Actor Loss":-1.9128347897827624,"_wandb":{"runtime":119},"_timestamp":1.7348926009827206e+09,"Critic Loss":10.462165087878704,"BC Loss":NaN,"Average Episodic N-Reward":0.0524082831135959,"_runtime":119.739357026,"Min Loss":NaN}