{"_timestamp":1.738633016908296e+09,"_runtime":6666.96777683,"_step":68,"_wandb":{"runtime":6746},"Eval":2076.781410861564,"Norm Eval":0.45203683872746675,"Class Acc":0.720703125}