{"_step":0,"_wandb":{"runtime":117},"Eval":19.085380671149352,"Norm Eval":0.0038025754190552873,"Class Acc":0.56640625,"_timestamp":1.7386263308063884e+09,"_runtime":112.692517945}