{"BC Loss 2":0.01903246537465602,"Average Episodic Reward":22.80265389667158,"_step":11,"Actor Loss":-0.47283255202770236,"BC Loss":0.02717432584958151,"Critic Loss":23.618114958381653,"_runtime":777.487658789,"QL Loss":-1.000013756030798,"_timestamp":1.7353118518789802e+09,"Average Episodic N-Reward":0.004612320493794947,"_wandb":{"runtime":830}}