{"Critic Loss":24.443792634534837,"_wandb":{"runtime":926},"Average Episodic N-Reward":0.7887219470545446,"BC Loss":NaN,"Actor Loss":-1.9653197802901268,"BC Loss 2":348.60707243718207,"_step":15,"Min Loss":NaN,"QL Loss":-0.9999864896535874,"_timestamp":1.7349041027064047e+09,"_runtime":920.895999186,"Average Episodic Reward":3622.3919710970576}