{"Average Episodic N-Reward":0.4220790976346851,"Actor Loss":-0.47100666987895967,"Critic Loss":26.919940136173366,"_runtime":394.964116816,"BC Loss":NaN,"BC Loss 2":0,"QL Loss":-0.99997877951622,"_timestamp":1.7348145731464322e+09,"Average Episodic Reward":1939.255277841085,"Min Loss":0.5289721096360683,"_wandb":{"runtime":495},"_step":1}