{"Min Loss":-0.5768573363644537,"Critic Loss":63.08875071344562,"_timestamp":1.7354193926996145e+09,"_step":1,"Average Episodic Reward":111.31214449602172,"_wandb":{"runtime":268},"QL Loss":-0.9999516796648502,"_runtime":140.827792438,"Average Episodic N-Reward":0.02389261541224859}