{"Class Acc":0.5,"_timestamp":1.7367453698841004e+09,"_runtime":6765.872447492,"_step":52,"_wandb":{"runtime":6891},"Eval":5009.494385412326,"Norm Eval":1.0908787378009348}