{"Average Episodic Reward":-12.788330369199,"_runtime":2799.939636642,"_step":13,"Critic Loss":57114.48160548828,"Min Loss":0.012979075015913695,"Average Episodic N-Reward":-0.003140573217798354,"BC Loss 2":0.007342415976696648,"BC Loss":0.0056366585290851074,"_wandb":{"runtime":2807},"QL Loss":-0.9999912659871578,"_timestamp":1.734551034791774e+09,"Actor Loss":-0.9943546076476574}