{"QL Loss":-1.0000186277151109,"Critic Loss":10.462165087878704,"Min Loss":NaN,"Actor Loss":-1.9128347897827624,"_runtime":121.261741396,"BC Loss 2":1247.6109361723065,"_wandb":{"runtime":121},"BC Loss":NaN,"_timestamp":1.7348934958433063e+09,"Average Episodic N-Reward":0.0524082831135959,"_step":1,"Average Episodic Reward":242.21819303010815}