{"_runtime":8122.952859213,"Critic Loss":15.129764367604256,"_timestamp":1.7354131504189513e+09,"Min Loss":-0.6608146680772304,"Average Episodic N-Reward":0.1329150149663576,"_wandb":{"runtime":8165},"_step":119,"Average Episodic Reward":611.7981116073038,"QL Loss":-1.0000196912884711}