{"_step":13,"QL Loss":-1.0003451078057288,"Critic Loss":195.5173343925476,"Average Episodic Reward":104.95347851866256,"Average Episodic N-Reward":0.02250748761972323,"_wandb":{"runtime":1052},"_runtime":1020.09607471,"Min Loss":-0.6332129203617572,"Actor Loss":NaN,"_timestamp":1.7354485335349877e+09}